Workbook

Sheet Ohjeet
B2: 1.4 Excel: Yrityksen budjettilaskelma
B4: Laadi kuvitteelliselle yritykselle yksinkertainen budjetti ja myyntiyhteenveto Excelissä. Tehtävässä harjoitellaan Excelin käyttöä: tiedon kirjoittamista, pudotusvalikon tekemistä, kaavojen kirjoittamista, solujen kiinnittämistä ($), täyttökahvan käyttöä, soluviittauksia, prosentteja sekä yhden viivakaavion ja yhden ympyräkaavion rakentamista valmiiseen yhteenvetonäkymään.
B7: Työjärjestys koko tiedostossa
B8: 1) Lähtötiedot-välilehti: kirjoita yrityksen nimi, tee itse pudotusvalikko Toimiala-soluun ja laske tuotteiden perusmyynti / kk. 2) Kulut-välilehti: laske kulut yhteensä ja kulujen osuusprosentit. 3) Laskelmat-välilehti: laske kuukausimyynti tammikuusta kesäkuuhun. Kopioi kaavat täyttökahvalla oikealle ja alas. Laske kuukausisummat, budjetoitu tulos, keskimääräinen kuukausimyynti ja liiketulos-%. 4) Yhteenveto-välilehti: hae kaavioiden lähtötiedot muilta välilehdiltä soluviittauksilla. Kaaviot päivittyvät automaattisesti. 5) Tarkista lopuksi: keltaiset tehtäväsolut muuttuvat vihreiksi, kun ratkaisu on oikein.
B15: Miten tiedät, että olet tehnyt oikein?
B16: Tehtävässä on automaattinen tarkistus tärkeimmissä tehtäväsoluissa. • Vihreä tausta = oikea tulos tai oikea viittaus. • Punainen tausta = väärä tulos tai väärä viittaus. • Valkoinen tausta = valmis tieto tai automaattisesti näkyvä tieto. • Keltainen tausta = tähän opiskelijan pitää tehdä jokin toimenpide.
B24: Huomio
B25: Tässä tehtävässä ei harjoitella päässälaskua vaan Excelin käyttöä. Siksi jokaisessa vaiheessa tärkeintä on, että käytät ohjeissa mainittua toimintoa oikein: esimerkiksi kaava, SUMMA, KESKIARVO, prosenttilasku, absoluuttinen soluviittaus, täyttökahva tai soluviittaus toiselle välilehdelle.

Sheet Lähtötiedot
B2: Yrityksen lähtötiedot
B4: Perustiedot
B5: Yrityksen nimi
B6: Toimiala
B7: Budjettijakso | C7: Tammi–Kesäkuu
B9: Tuotteet ja perusmyynti / kk | G9: Kausivaihtelu
B10: Tuote | C10: Määrä / kk | D10: Yksikköhinta € | E10: Myynti / kk € | G10: Kausikerroin | H10: Tammikuu | I10: Helmikuu | J10: Maaliskuu | K10: Huhtikuu | L10: Toukokuu | M10: Kesäkuu
B11: Aamupalapaketti | C11: 220 | D11: 6.9 | G11: Kausikerroin | H11: 0.9 | I11: 1 | J11: 1.05 | K11: 1.1 | L11: 0.95 | M11: 1 | X11: =C11*D11 -> 1518
B12: Lounassalaatti | C12: 180 | D12: 10.5 | X12: =C12*D12 -> 1890
B13: Kahvi + leivos | C13: 260 | D13: 5.8 | X13: =C13*D13 -> 1508
B14: Catering-paketti | C14: 24 | D14: 79 | X14: =C14*D14 -> 1896
B15: Yhteensä | X15: =SUM(X11:X14) -> 6812
B18: Vaihe 1 / Lähtötiedot 1. Kirjoita soluun C5:E5 itse keksimäsi yrityksen nimi. 2. Tee itse pudotusvalikko Toimiala-soluun C6:E6 käyttämällä listaa O26:O28. Valikkopolku: Tiedot > Tietojen tarkistus > Salli: Luettelo > Lähde: =$O$26:$O$28 3. Laske soluun E11 kaava =C11*D11. 4. Kopioi kaava täyttökahvalla soluihin E12:E14. 5. Laske soluun E15 tuotteiden myynti yhteensä funktiolla =SUMMA(E11:E14). | G18: Mitä tällä välilehdellä harjoitellaan? • tekstin kirjoittaminen soluun • tietojen tarkistus / pudotusvalikko • kertolaskukaava • täyttökahvan käyttö alaspäin • SUMMA-funktio Kun solut E11:E15 ovat oikein, siirry Kulut-välilehdelle.
O24: Vaihe 1 / Lähtötiedot
O25: Toimialavaihtoehdot pudotusvalikkoa varten:
O26: Erikoistumaton elintarvikkeiden, juomien tai tupakan vähittäiskauppa
O27: Ruokaravintolat
O28: LVI-laitteiden ja -tarvikkeiden tukkukauppa

Sheet Kulut
B2: Kulut ja budjetti / kk
B4: Vaihe 2 / Kulut 1. Laske soluun C14 kulut yhteensä funktiolla =SUMMA(C8:C13). 2. Laske soluun D8 osuusprosentti kaavalla =C8/$C$14. 3. Kopioi D8 täyttökahvalla alas soluihin D9:D13. 4. Laske soluun D14 prosentit yhteensä funktiolla =SUMMA(D8:D13).
B7: Kululuokka | C7: Kulu / kk € | D7: Osuus % | E7: Huomio
B8: Vuokra | C8: 950 | E8: Kiinteä kulu | X8: =C8/$X$14 -> 0.16964286
B9: Palkat | C9: 2600 | E9: Kiinteä kulu | X9: =C9/$X$14 -> 0.46428571
B10: Markkinointi | C10: 450 | E10: Muuttuva kulu | X10: =C10/$X$14 -> 0.080357143
B11: Materiaalit | C11: 1200 | E11: Muuttuva kulu | X11: =C11/$X$14 -> 0.21428571
B12: Ohjelmistot | C12: 180 | E12: Kiinteä kulu | X12: =C12/$X$14 -> 0.032142857
B13: Muut kulut | C13: 220 | E13: Muut kulut | X13: =C13/$X$14 -> 0.039285714
B14: Kulut yhteensä / kk | E14: - | X14: =SUM(C8:C13) -> 5600 | Y14: =SUM(X8:X13) -> 1
B16: Mitä tällä välilehdellä harjoitellaan? • SUMMA-funktio • prosenttilasku • absoluuttinen soluviittaus $C$14 • täyttökahva alas Valikkopolut: • SUMMA: Kaavat > Autosumma • Prosenttimuotoilu: Aloitus > Numero > Prosentti Kun solut C14 ja D8:D14 ovat oikein, siirry Laskelmat-välilehdelle.

Sheet Laskelmat
B2: Myynti- ja budjettilaskelmat
B4: Vaihe 3 / Laskelmat 1. Laske soluun C9 tammikuun kuukausimyynti kaavalla =Lähtötiedot!$E$11*Lähtötiedot!H$11. Tässä käytetään sekä rivin että sarakkeen kiinnitystä, jotta kaava toimii kopioitaessa. 2. Kopioi C9 täyttökahvalla oikealle soluihin D9:H9. 3. Kopioi sen jälkeen koko rivi 9 alas riveille 10–12. 4. Laske kuukausisummat soluihin C13:H13 funktiolla =SUMMA(...). 5. Laske tunnusluvut: • C16 Liikevaihto yhteensä = SUMMA(C13:H13) • C17 Kulut yhteensä jaksolta = Kulut!C14*6 • C18 Budjetoitu tulos = C16-C17 • C19 Keskimääräinen kuukausimyynti = KESKIARVO(C13:H13) • C20 Liiketulos-% = C18/C16
B8: Tuote | C8: Tammikuu | D8: Helmikuu | E8: Maaliskuu | F8: Huhtikuu | G8: Toukokuu | H8: Kesäkuu | J8: Mitä tällä välilehdellä harjoitellaan? • absoluuttinen soluviittaus ($) • suhteellinen soluviittaus • täyttökahva oikealle ja alas • SUMMA-funktio • KESKIARVO-funktio • prosenttilasku Valikkopolut: • Kaavat > Autosumma • Kaavat > Lisää funktio > KESKIARVO • Prosenttimuotoilu: Aloitus > Numero > Prosentti
B9: =Lähtötiedot!B11 -> Aamupalapaketti | X9: =Lähtötiedot!$E$11*Lähtötiedot!$H$11 -> 0 | Y9: =Lähtötiedot!$E$11*Lähtötiedot!$I$11 -> 0 | Z9: =Lähtötiedot!$E$11*Lähtötiedot!$J$11 -> 0 | AA9: =Lähtötiedot!$E$11*Lähtötiedot!$K$11 -> 0 | AB9: =Lähtötiedot!$E$11*Lähtötiedot!$L$11 -> 0 | AC9: =Lähtötiedot!$E$11*Lähtötiedot!$M$11 -> 0
B10: =Lähtötiedot!B12 -> Lounassalaatti | X10: =Lähtötiedot!$E$12*Lähtötiedot!$H$11 -> 0 | Y10: =Lähtötiedot!$E$12*Lähtötiedot!$I$11 -> 0 | Z10: =Lähtötiedot!$E$12*Lähtötiedot!$J$11 -> 0 | AA10: =Lähtötiedot!$E$12*Lähtötiedot!$K$11 -> 0 | AB10: =Lähtötiedot!$E$12*Lähtötiedot!$L$11 -> 0 | AC10: =Lähtötiedot!$E$12*Lähtötiedot!$M$11 -> 0
B11: =Lähtötiedot!B13 -> Kahvi + leivos | X11: =Lähtötiedot!$E$13*Lähtötiedot!$H$11 -> 0 | Y11: =Lähtötiedot!$E$13*Lähtötiedot!$I$11 -> 0 | Z11: =Lähtötiedot!$E$13*Lähtötiedot!$J$11 -> 0 | AA11: =Lähtötiedot!$E$13*Lähtötiedot!$K$11 -> 0 | AB11: =Lähtötiedot!$E$13*Lähtötiedot!$L$11 -> 0 | AC11: =Lähtötiedot!$E$13*Lähtötiedot!$M$11 -> 0
B12: =Lähtötiedot!B14 -> Catering-paketti | X12: =Lähtötiedot!$E$14*Lähtötiedot!$H$11 -> 0 | Y12: =Lähtötiedot!$E$14*Lähtötiedot!$I$11 -> 0 | Z12: =Lähtötiedot!$E$14*Lähtötiedot!$J$11 -> 0 | AA12: =Lähtötiedot!$E$14*Lähtötiedot!$K$11 -> 0 | AB12: =Lähtötiedot!$E$14*Lähtötiedot!$L$11 -> 0 | AC12: =Lähtötiedot!$E$14*Lähtötiedot!$M$11 -> 0
B13: Myynti yhteensä / kk | X13: =SUM(X9:X12) -> 0 | Y13: =SUM(Y9:Y12) -> 0 | Z13: =SUM(Z9:Z12) -> 0 | AA13: =SUM(AA9:AA12) -> 0 | AB13: =SUM(AB9:AB12) -> 0 | AC13: =SUM(AC9:AC12) -> 0
B15: Keskeiset tunnusluvut
B16: Liikevaihto yhteensä (€) | X16: =SUM(X13:AC13) -> 0
B17: Kulut yhteensä jaksolta (€) | X17: =Kulut!X14*6 -> 33600
B18: Budjetoitu tulos (€) | X18: =X16-X17 -> -33600
B19: Keskimääräinen kuukausimyynti (€) | X19: =AVERAGE(X13:AC13) -> 0
B20: Liiketulos-% | X20: =IFERROR(X18/X16,0) -> 0
B22: Kun tämä välilehti on valmis, budjetoitu tulos jää hieman voitolliseksi. Oikea lopputulos on noin 7 272 euroa. Kun solut C9:H13 ja C16:C20 ovat oikein, siirry Yhteenveto-välilehdelle.

Sheet Yhteenveto
B2: Yhteenveto
B4: Yrityksen nimi: | D4: =Lähtötiedot!C5 -> 0 | H4: Budjettijakso: | K4: =Lähtötiedot!C7 -> Tammi–Kesäkuu
B7: Liikevaihto yhteensä | E7: Kulut yhteensä | H7: Budjetoitu tulos | K7: Liiketulos-%
B8: =Laskelmat!C15 -> 0 | E8: =Laskelmat!C16 -> 0 | H8: =Laskelmat!C17 -> 0 | K8: =Laskelmat!C19 -> 0
B12: Kaavioiden lähtötiedot: kuukausimyynti | E12: Kaavioiden lähtötiedot: kulujen jakautuminen | H12: Vaihe 4 / Yhteenveto Tekstimuotoiset tiedot ja tunnusluvut näkyvät jo valmiiksi. Täydennä vain keltaiset kaavioiden lähtötiedot. 1. Hae C14:C19 kuukausimyynnit Laskelmat-välilehden soluista C13:H13. 2. Hae F14:F19 kulujen osuudet Kulut-välilehden soluista D8:D13. 3. Käytä tavallisia soluviittauksia, esimerkiksi =Laskelmat!C13. Valikkopolku: klikkaa solu > kirjoita = > siirry toiselle välilehdelle > klikkaa lähdesolua > Enter
B13: Kuukausi | C13: Myynti € | E13: Kululuokka | F13: Osuus %
B14: Tammikuu | E14: Vuokra | X14: =Laskelmat!C13 -> 0 | Y14: =Kulut!D8 -> 0
B15: Helmikuu | E15: Palkat | X15: =Laskelmat!D13 -> 0 | Y15: =Kulut!D9 -> 0
B16: Maaliskuu | E16: Markkinointi | X16: =Laskelmat!E13 -> 0 | Y16: =Kulut!D10 -> 0
B17: Huhtikuu | E17: Materiaalit | X17: =Laskelmat!F13 -> 0 | Y17: =Kulut!D11 -> 0
B18: Toukokuu | E18: Ohjelmistot | X18: =Laskelmat!G13 -> 0 | Y18: =Kulut!D12 -> 0
B19: Kesäkuu | E19: Muut kulut | X19: =Laskelmat!H13 -> 0 | Y19: =Kulut!D13 -> 0
B31: Yhteenveto tekstinä
B32: Suurin kuukausimyynti | C32: =INDEX(B14:B19,MATCH(MAX(C14:C19),C14:C19,0))&" ("&TEXT(MAX(C14:C19),"#,##0.00 €")&")" -> #N/A
B33: Pienin kuukausimyynti | C33: =INDEX(B14:B19,MATCH(MIN(C14:C19),C14:C19,0))&" ("&TEXT(MIN(C14:C19),"#,##0.00 €")&")" -> #N/A
B34: Suurin kululuokka | C34: =INDEX(E14:E19,MATCH(MAX(F14:F19),F14:F19,0))&" ("&TEXT(MAX(F14:F19),"0.0%")&")" -> #N/A
B35: Budjetoitu tulos | C35: ="Budjetoitu tulos: "&TEXT(H8,"#,##0.00 €")&" | Liiketulos-%: "&TEXT(K8,"0.0%") -> #VALUE!

Sheet Tarkistus
